observed_plies,observed_full_moves,white_current_strength,black_current_strength,white_current_game_elo_difference,white_instantaneous_strength,black_instantaneous_strength,white_instantaneous_elo_difference
2,1.0,0.05228227749466896,0.03152209520339966,43.58080326511121,0.05228227749466896,0.03152209520339966,43.58080326511121
3,1.5,0.32194450683891773,0.03152209520339966,609.6691159879407,0.5916067361831665,0.03152209520339966,1175.7574287107702
4,2.0,0.3219453990459442,0.3048362322151661,35.916410714547666,0.5916067361831665,0.5781503692269325,28.248272233592257
5,2.5,0.43183426310618717,0.3048681151121855,266.53362862726914,0.6516119912266731,0.5781503692269325,154.21427668547298
6,3.0,0.43187959492206573,0.3183894616862138,238.24411075441085,0.6516119912266731,0.3454321548342705,642.747882766563
7,3.5,0.3782980293035507,0.3183894616862138,125.76303341631888,0.21755333244800568,0.3454321548342705,-268.44955993154537
8,4.0,0.3782980293035507,0.3680537538602948,21.505290580897334,0.21755333244800568,0.5170466303825378,-628.7111699396431
9,4.5,0.276548358798027,0.3680537538602948,-192.09265910839684,-0.1304503232240677,0.5170466303825378,-1359.257686371838
10,5.0,0.276548358798027,0.4567533411085606,-378.29522743502065,-0.1304503232240677,0.8115516901016235,-1977.4972994986922
11,5.5,0.28746634473403293,0.4567533411085606,-355.3756504075863,0.3420562744140625,0.8115516901016235,-985.5880385769095
12,6.0,0.28746634473403293,0.6381105712304512,-736.0897335383263,0.3420562744140625,1.5448967218399048,-2525.062264054855
13,6.5,0.2981485639299665,0.6380648432920376,-713.5690953791363,0.36224187910556793,1.5448967218399048,-2482.687642555613
14,7.0,0.2981485639299665,0.7959024240928037,-1044.9095653331074,0.36224187910556793,1.7429279088974,-2898.4045222257223
15,7.5,0.333122830837965,0.7958794693861689,-971.4416637215568,0.5779426991939545,1.7429279088974,-2445.5946734245167
16,8.0,0.333122830837965,0.8870488284155726,-1162.8288993402766,0.5779426991939545,1.525234341621399,-1988.601550992951
17,8.5,0.3470145778523551,0.8870487986132503,-1133.6665931544303,0.4581485539674759,1.525234341621399,-2240.0793560613056
18,9.0,0.3470145778523551,1.0121179314123259,-1396.2179134935989,0.4581485539674759,2.0126709938049316,-3263.3305272202733
19,9.5,0.35950918346643446,1.0121179314123259,-1369.9886183215933,0.4719606339931488,2.0126709938049316,-3234.335524486893
20,10.0,0.35950918346643446,1.0460791610181333,-1441.2817141781939,0.4719606339931488,1.351730227470398,-1846.8559203395434
21,10.5,0.40258586542172864,1.0460791610181333,-1350.8530091086363,0.8333526849746704,1.351730227470398,-1088.2038211224622
22,11.0,0.40258586542172864,1.0699382823976604,-1400.9392588501364,0.8333526849746704,1.3085294961929321,-997.5147055695629
23,11.5,0.39899682129422825,1.0699382823976604,-1408.4735581080083,0.35951733589172363,1.3085294961929321,-1992.213347359602
24,12.0,0.39899682129422825,1.0861477771153052,-1442.5013325468494,0.35951733589172363,1.2644522190093994,-1899.6841432106983
25,12.5,0.39394669693249923,1.0861836255838473,-1453.1780587055098,0.3333452045917511,1.2644522190093994,-1954.62597797929
26,13.0,0.39394669693249923,1.09610338222522,-1474.0021033386463,0.3333452045917511,1.215140461921692,-1851.1082942641467
27,13.5,0.43267791505370823,1.09610338222522,-1392.6956112531514,0.936183750629425,1.215140461921692,-585.5997497393557
28,14.0,0.43267791505370823,1.1037751249969006,-1408.8005137892796,0.936183750629425,1.2035077810287476,-561.1798496475136
29,14.5,0.5150782018899918,1.1037751249969006,-1235.8217489972658,1.6686822175979614,1.2035077810287476,976.517225121262
  30,15.0,0.5150782018899918,1.0653422936797141,-1155.1416452748672,1.6686822175979614,0.5272826552391034,2396.0825139269077
  31,15.5,0.5193284889683127,1.0653422936797141,-1146.2192320522026,0.5830827951431274,0.5272826552391034,117.13841840134762
32,16.0,0.5193624750245363,1.0478264996781945,-1109.3778642206626,0.5830827951431274,0.7850895896554011,-424.0626718175547
33,16.5,0.5338915474712849,1.0478264996781945,-1078.877715472326,0.7663567066192627,0.7850895896554011,-39.32499622267871
34,17.0,0.5338915474712849,1.0260878284187878,-1033.2428196843655,0.7663567066192627,0.67826908826828,184.91789289638547
35,17.5,0.5474811289459467,1.0260878284187878,-1004.714896933345,0.7785040140151978,0.67826908826828,210.41812244136935
36,18.0,0.5474811289459467,1.0160250440239906,-983.5906013536614,0.7785040140151978,0.844957709312439,-139.50288973168952
37,18.5,0.5205534402477113,1.0160250440239906,-1040.1185396480896,0.03585504367947401,0.844957709312439,-1698.508404093179
38,19.0,0.5205534402477113,0.9906957188719198,-986.9459653034671,0.03585504367947401,0.5347678661346436,-1047.3425163999707
39,19.5,0.48674391247332094,0.9906957188719198,-1057.9206011592264,-0.15563711524009527,0.5347678661346436,-1449.3323442154428
40,20.0,0.48674391247332094,0.9884890474379062,-1053.2882471515775,-0.15563711524009527,0.9465622901916504,-2313.791602265673
41,20.5,0.45837484761362984,0.9884890474379062,-1112.8419936996183,-0.10900644958019257,0.9465622901916504,-2215.902198515108
42,21.0,0.45837484761362984,0.9651389739343098,-1063.8243624809327,-0.10900644958019257,0.498137503862381,-1274.5466690680419
43,21.5,0.4289223507724025,0.9651389739343098,-1125.6525031251333,-0.18958008289337158,0.498137503862381,-1443.6908322796342
44,22.0,0.4289223507724025,0.9484219300475988,-1090.5592563231835,-0.18958008289337158,0.5973640084266663,-1651.992027010443
45,22.5,0.4303077961439672,0.9484219300475988,-1087.6508607548983,0.4607875943183899,0.5973640084266663,-286.70797541167605
46,23.0,0.4303077961439672,0.9267337056605712,-1042.1218655409143,0.4607875943183899,0.4495927691459656,23.500731669004495
47,23.5,0.42374968420093256,0.926691567444283,-1055.8005204333328,0.272913109511137,0.4495927691459656,-370.8946954059475
48,24.0,0.42374968420093256,0.9019153605525693,-1003.7890793460565,0.272913109511137,0.33206260204315186,-124.16954538751764
49,24.5,0.4233243526518345,0.9019153605525693,-1004.6819564077133,0.4131163954734802,0.33206260204315186,170.15213911987905
50,25.0,0.4233243526518345,0.8830077639222145,-964.9901927515671,0.4131163954734802,0.42922544479370117,-33.816914483827425
51,25.5,0.4201299136934372,0.8830077639222145,-971.6961172870596,0.34026893973350525,0.42922544479370117,-186.74190292686666
52,26.0,0.4201299136934372,0.8736219947727827,-951.9930456543428,0.34026893973350525,0.6389777660369873,-627.0643682237336
53,26.5,0.4341078092930494,0.8736219947727827,-922.6499546525289,0.7975330948829651,0.6389777660369873,332.84720221255276
54,27.0,0.4341078092930494,0.8716107620685188,-918.4278753097217,0.7975330948829651,0.8193187117576599,-45.73344634957502
55,27.5,0.4318873660106744,0.8716107620685188,-923.089139863801,0.3719353973865509,0.8193187117576599,-939.1692199109592
56,28.0,0.4318873660106744,0.866246463198747,-911.8281378928742,0.3719353973865509,0.7214103937149048,-733.6352276379865
57,28.5,0.44212982893503944,0.866246463198747,-890.3266522414369,0.7289187908172607,0.7214103937149048,15.761999213837312
58,29.0,0.44212982893503944,0.8703844169604367,-899.0132498000801,0.7289187908172607,0.9862471222877502,-540.1963832018479
59,29.5,0.4584162464986245,0.8703844169604367,-864.823995111765,0.9307223558425903,0.9862471222877502,-116.56034079264397
60,30.0,0.4584162464986245,0.8590292764206727,-840.986721480538,0.9307223558425903,0.5297302007675171,841.7825997861821
61,30.5,0.46917239804902383,0.8590292764206727,-818.4068752137347,0.7918569445610046,0.5297302007675171,550.2694480959557
62,31.0,0.46917239804902383,0.8394555076956749,-777.3166500898607,0.7918569445610046,0.25224244594573975,1132.785491630461
63,31.5,0.4524138035485521,0.8394555076956749,-812.4971219989144,-0.06710262596607208,0.25224244594573975,-670.38499746336
