player,sample,matched_games,analyzed_games,skipped_games,moves,mean_score,median_recorded_rating,estimated_elo,estimate_status,nearest_bucket,error
caolinita,all,33,31,2,1019,0.20370798387897857,1691,1566.7448751857016,interpolated,1400-1600,-124.25512481429837
caolinita,corpus_filtered,10,10,0,286,0.13919100956014402,1691.5,1461.0504753720963,interpolated,1400-1600,-230.44952462790366
CellblockD,all,310,303,7,8925,0.06184284241191772,1382.0,1335.6932469974354,interpolated,1200-1400,-46.30675300256462
CellblockD,corpus_filtered,125,125,0,3816,0.059773488987890804,1382,1332.3394712154377,interpolated,1200-1400,-49.6605287845623
Fins,all,65,65,0,2504,0.6398139312005484,2542,2119.4759636734325,interpolated,2000-2200,-422.5240363265675
Fins,corpus_filtered,5,5,0,221,0.5328294580920317,2547,2002.7303423288881,interpolated,2000-2200,-544.2696576711119
fiodor_nabokov,all,342,330,12,11946,0.4539984190143592,1918.5,1923.546564642205,interpolated,1800-2000,5.046564642205112
fiodor_nabokov,corpus_filtered,148,148,0,5622,0.501137339862272,1916.0,1970.8964140477608,interpolated,1800-2000,54.8964140477608
getting_there,all,73,73,0,2240,0.32930796947527724,1763,1761.3244670258168,interpolated,1600-1800,-1.6755329741831702
getting_there,corpus_filtered,34,34,0,1081,0.30775534755377587,1763.0,1731.8048875353538,interpolated,1600-1800,-31.195112464646172
TRG80,all,99,98,1,3754,0.2850517409883842,1928,1700.7088602785184,interpolated,1600-1800,-227.2911397214816
TRG80,corpus_filtered,69,69,0,2805,0.2816159301649517,1932,1695.1887699711726,interpolated,1600-1800,-236.81123002882737
