player,time_control,start,end,matched_games,analyzed_games,skipped_games,moves,mean_score,median_recorded_rating,estimated_elo,estimate_status,nearest_bucket,error
caolinita,rapid,2025-12-18,2026-02-07,62,54,8,1837,-0.003490548268331657,1754.0,1225.1508143374851,interpolated,1200-1400,-528.8491856625149
caolinita,blitz,2025-12-18,2026-02-07,375,365,10,13192,-0.07038993695391844,1711,1109.5336464903307,interpolated,1000-1200,-601.4663535096693
CellblockD,rapid,2026-01-27,2026-09-16,397,384,13,12490,-0.04340850469827603,1506,1156.163620891417,interpolated,1000-1200,-349.83637910858306
CellblockD,blitz,2026-01-27,2026-09-16,500,490,10,17050,-0.053725686314573126,1555.5,1138.3332140360253,interpolated,1000-1200,-417.1667859639747
Fins,rapid,2024-02-11,2026-05-19,156,149,7,5004,0.1674508003572517,2637.0,1506.9690232027997,interpolated,1400-1600,-1130.0309767972003
Fins,blitz,2024-02-11,2026-05-19,500,495,5,19181,0.20908997336970478,2546.0,1575.6179584183913,interpolated,1400-1600,-970.3820415816087
fiodor_nabokov,rapid,2025-11-29,2026-09-09,103,94,9,3178,0.10457121087711473,1923,1404.9425911157489,interpolated,1400-1600,-518.0574088842511
fiodor_nabokov,blitz,2025-11-29,2026-09-09,500,484,16,17460,0.1687571435713037,1889.0,1509.1227420253124,interpolated,1400-1600,-379.8772579746876
getting_there,rapid,2026-02-07,2026-05-14,306,273,33,8853,-0.06565797239008178,1872.0,1117.7115439565562,interpolated,1000-1200,-754.2884560434438
getting_there,blitz,2026-02-07,2026-05-14,51,49,2,1689,0.02764473689557094,1729,1278.9595794322177,interpolated,1200-1400,-450.04042056778235
TRG80,rapid,2026-05-13,2026-09-08,130,127,3,4891,-0.14463092353004728,1957.5,1100.0,below_range,1000-1200,-857.5
TRG80,blitz,2026-05-13,2026-09-08,473,463,10,19649,-0.07123742257829895,1953,1108.0690010039189,interpolated,1000-1200,-844.9309989960811
